{
  "p_top1": 0.315,
  "n": 600,
  "mean_word_len": 4.75,
  "raw_KS": 0.26456140350877194,
  "gross": [
    -0.11754385964912281,
    -0.11754385964912281,
    -0.11754385964912281,
    -0.11754385964912281,
    -0.11754385964912281,
    -0.11754385964912281,
    -0.11754385964912281,
    -0.11754385964912281,
    -0.11754385964912281,
    -0.11754385964912281,
    -0.11754385964912281,
    -0.11754385964912281,
    -0.11754385964912281,
    -0.11754385964912281,
    -0.11754385964912281,
    -0.11754385964912281,
    -0.11754385964912281,
    -0.11754385964912281,
    -0.11754385964912281
  ],
  "net": [
    -0.40596491228070175,
    -0.5501754385964912,
    -0.6943859649122807,
    -0.8385964912280702,
    -0.9828070175438597,
    -1.127017543859649,
    -1.2712280701754386,
    -1.4154385964912282,
    -1.5596491228070175,
    -1.703859649122807,
    -1.8480701754385964,
    -1.992280701754386,
    -2.1364912280701756,
    -2.280701754385965,
    -2.4249122807017542,
    -2.569122807017544,
    -2.7133333333333334,
    -2.8575438596491227,
    -3.001754385964912
  ],
  "model": "Qwen/Qwen2.5-1.5B",
  "c_values": [
    1.0,
    1.5,
    2.0,
    2.5,
    3.0,
    3.5,
    4.0,
    4.5,
    5.0,
    5.5,
    6.0,
    6.5,
    7.0,
    7.5,
    8.0,
    8.5,
    9.0,
    9.5,
    10.0
  ]
}