{
  "p_top1": 0.28,
  "p_top3": 0.4225,
  "p_top5": 0.47,
  "n": 400,
  "mean_word_len": 4.7625,
  "raw_KS": 0.23937007874015748,
  "gross": [
    -0.13438320209973753,
    -0.13438320209973753,
    -0.13438320209973753,
    -0.13438320209973753,
    -0.13438320209973753,
    -0.13438320209973753,
    -0.13438320209973753,
    -0.13438320209973753,
    -0.13438320209973753,
    -0.13438320209973753,
    -0.13438320209973753,
    -0.13438320209973753,
    -0.13438320209973753,
    -0.13438320209973753,
    -0.13438320209973753,
    -0.13438320209973753,
    -0.13438320209973753,
    -0.13438320209973753,
    -0.13438320209973753
  ],
  "net": [
    -0.436745406824147,
    -0.5879265091863517,
    -0.7391076115485564,
    -0.8902887139107611,
    -1.0414698162729659,
    -1.1926509186351706,
    -1.3438320209973753,
    -1.49501312335958,
    -1.6461942257217848,
    -1.7973753280839895,
    -1.9485564304461942,
    -2.099737532808399,
    -2.2509186351706036,
    -2.4020997375328084,
    -2.553280839895013,
    -2.704461942257218,
    -2.8556430446194225,
    -3.0068241469816273,
    -3.158005249343832
  ],
  "model": "gpt2-medium",
  "c_values": [
    1.0,
    1.5,
    2.0,
    2.5,
    3.0,
    3.5,
    4.0,
    4.5,
    5.0,
    5.5,
    6.0,
    6.5,
    7.0,
    7.5,
    8.0,
    8.5,
    9.0,
    9.5,
    10.0
  ]
}