{
  "p_top1": 0.22875,
  "n": 800,
  "mean_word_len": 4.73125,
  "raw_KS": 0.15852047556142668,
  "gross": [
    -0.20686922060766183,
    -0.20686922060766183,
    -0.20686922060766183,
    -0.20686922060766183,
    -0.20686922060766183,
    -0.20686922060766183,
    -0.20686922060766183,
    -0.20686922060766183,
    -0.20686922060766183,
    -0.20686922060766183,
    -0.20686922060766183,
    -0.20686922060766183,
    -0.20686922060766183,
    -0.20686922060766183,
    -0.20686922060766183,
    -0.20686922060766183,
    -0.20686922060766183,
    -0.20686922060766183,
    -0.20686922060766183
  ],
  "net": [
    -0.5328929986789961,
    -0.6959048877146632,
    -0.8589167767503303,
    -1.0219286657859974,
    -1.1849405548216645,
    -1.3479524438573316,
    -1.5109643328929987,
    -1.6739762219286658,
    -1.836988110964333,
    -2.0,
    -2.1630118890356673,
    -2.326023778071334,
    -2.4890356671070015,
    -2.6520475561426684,
    -2.8150594451783357,
    -2.9780713342140026,
    -3.14108322324967,
    -3.304095112285337,
    -3.467107001321004
  ],
  "model": "gpt2",
  "c_values": [
    1.0,
    1.5,
    2.0,
    2.5,
    3.0,
    3.5,
    4.0,
    4.5,
    5.0,
    5.5,
    6.0,
    6.5,
    7.0,
    7.5,
    8.0,
    8.5,
    9.0,
    9.5,
    10.0
  ]
}