{
  "p_top1": 0.3525,
  "p_top3": 0.48,
  "p_top5": 0.5525,
  "n": 400,
  "mean_word_len": 4.7625,
  "raw_KS": 0.3102362204724409,
  "gross": [
    -0.07874015748031496,
    -0.07874015748031496,
    -0.07874015748031496,
    -0.07874015748031496,
    -0.07874015748031496,
    -0.07874015748031496,
    -0.07874015748031496,
    -0.07874015748031496,
    -0.07874015748031496,
    -0.07874015748031496,
    -0.07874015748031496,
    -0.07874015748031496,
    -0.07874015748031496,
    -0.07874015748031496,
    -0.07874015748031496,
    -0.07874015748031496,
    -0.07874015748031496,
    -0.07874015748031496,
    -0.07874015748031496
  ],
  "net": [
    -0.3506561679790026,
    -0.48661417322834644,
    -0.6225721784776903,
    -0.7585301837270341,
    -0.8944881889763779,
    -1.0304461942257217,
    -1.1664041994750656,
    -1.3023622047244094,
    -1.4383202099737533,
    -1.5742782152230972,
    -1.7102362204724408,
    -1.8461942257217847,
    -1.9821522309711286,
    -2.1181102362204722,
    -2.2540682414698163,
    -2.39002624671916,
    -2.525984251968504,
    -2.6619422572178477,
    -2.797900262467192
  ],
  "model": "Qwen/Qwen2.5-1.5B",
  "c_values": [
    1.0,
    1.5,
    2.0,
    2.5,
    3.0,
    3.5,
    4.0,
    4.5,
    5.0,
    5.5,
    6.0,
    6.5,
    7.0,
    7.5,
    8.0,
    8.5,
    9.0,
    9.5,
    10.0
  ]
}