{
  "p_top1": 0.23,
  "p_top3": 0.35,
  "p_top5": 0.414,
  "n": 500,
  "mean_word_len": 4.758,
  "raw_KS": 0.16897856242118536,
  "gross": [
    -0.19461958806221102,
    -0.19461958806221102,
    -0.19461958806221102,
    -0.19461958806221102,
    -0.19461958806221102,
    -0.19461958806221102,
    -0.19461958806221102,
    -0.19461958806221102,
    -0.19461958806221102,
    -0.19461958806221102,
    -0.19461958806221102,
    -0.19461958806221102,
    -0.19461958806221102,
    -0.19461958806221102,
    -0.19461958806221102,
    -0.19461958806221102,
    -0.19461958806221102,
    -0.19461958806221102,
    -0.19461958806221102
  ],
  "net": [
    -0.5182849936948297,
    -0.6801176965111392,
    -0.8419503993274485,
    -1.003783102143758,
    -1.1656158049600673,
    -1.3274485077763767,
    -1.489281210592686,
    -1.6511139134089954,
    -1.8129466162253047,
    -1.974779319041614,
    -2.1366120218579234,
    -2.298444724674233,
    -2.460277427490542,
    -2.6221101303068517,
    -2.783942833123161,
    -2.9457755359394704,
    -3.10760823875578,
    -3.269440941572089,
    -3.4312736443883987
  ],
  "model": "gpt2",
  "c_values": [
    1.0,
    1.5,
    2.0,
    2.5,
    3.0,
    3.5,
    4.0,
    4.5,
    5.0,
    5.5,
    6.0,
    6.5,
    7.0,
    7.5,
    8.0,
    8.5,
    9.0,
    9.5,
    10.0
  ]
}