{
  "p_top1": 0.2714285714285714,
  "n": 700,
  "mean_word_len": 4.715714285714285,
  "raw_KS": 0.21690396849439564,
  "gross": [
    -0.1587397758255074,
    -0.1587397758255074,
    -0.1587397758255074,
    -0.1587397758255074,
    -0.1587397758255074,
    -0.1587397758255074,
    -0.1587397758255074,
    -0.1587397758255074,
    -0.1587397758255074,
    -0.1587397758255074,
    -0.1587397758255074,
    -0.1587397758255074,
    -0.1587397758255074,
    -0.1587397758255074,
    -0.1587397758255074,
    -0.1587397758255074,
    -0.1587397758255074,
    -0.1587397758255074,
    -0.1587397758255074
  ],
  "net": [
    -0.4677370493789761,
    -0.6222356861557103,
    -0.7767343229324447,
    -0.9312329597091791,
    -1.0857315964859133,
    -1.2402302332626476,
    -1.394728870039382,
    -1.5492275068161163,
    -1.7037261435928506,
    -1.858224780369585,
    -2.012723417146319,
    -2.167222053923054,
    -2.321720690699788,
    -2.4762193274765223,
    -2.6307179642532565,
    -2.785216601029991,
    -2.939715237806725,
    -3.0942138745834598,
    -3.248712511360194
  ],
  "model": "gpt2-medium",
  "c_values": [
    1.0,
    1.5,
    2.0,
    2.5,
    3.0,
    3.5,
    4.0,
    4.5,
    5.0,
    5.5,
    6.0,
    6.5,
    7.0,
    7.5,
    8.0,
    8.5,
    9.0,
    9.5,
    10.0
  ]
}